"","Date","MMM","AXP","AMGN","AAPL","BA","CAT","CVX","CSCO","KO","DOW","GS","HD","HON","IBM","INTC","JNJ","JPM","MCD","MRK","MSFT","NKE","PG","CRM","TRV","UNH","VZ","V","WBA","WMT","DIS","DJI"
"1","2020-01-21",174.446274,128.685135,231.209259,77.827667,311.516571,142.577957,108.81176,47.525467,55.711769,50.064194,241.229294,228.821594,176.805542,132.235092,59.08094,146.329147,132.892532,207.244492,87.889893,165.185989,103.801193,123.050858,185.270004,138.015686,296.727844,58.393719,206.021866,52.204453,114.107681,143.559998,29196.039063
"2","2020-01-22",173.123749,129.631561,230.382111,78.105476,307.172424,139.430191,108.418045,47.788422,56.140545,48.417595,242.554764,228.772476,175.945618,136.719879,61.208042,145.329254,132.737137,207.519287,87.577286,164.392303,103.711861,123.265549,182.75,138.436844,296.787109,58.548611,206.628143,51.768364,114.611137,144.009995,29186.269531
"3","2020-01-23",172.841766,129.51326,228.718094,78.481621,315.910431,139.547501,108.6101,47.720245,56.354935,47.827484,241.111496,229.509186,175.486343,135.750717,61.78373,145.603714,132.601166,209.46257,86.512489,165.404251,102.252808,122.702065,183.979996,131.433716,295.671417,58.577652,205.256592,51.652073,114.32486,142.199997,29160.089844
"4","2020-01-24",173.240448,133.200394,219.522293,78.25544,321.139313,137.230667,107.409721,47.574165,56.208755,46.152336,237.518097,227.888428,173.092178,133.555817,66.808777,145.397873,129.30896,207.323013,83.992149,163.737518,101.27018,122.849319,182.110001,132.011597,289.10556,58.354992,203.74588,50.431034,112.903328,140.080002,28989.730469
"5","2020-01-27",170.789902,128.793579,216.953278,75.954315,314.727478,132.684998,106.007683,46.230209,56.013859,44.905491,233.80687,227.092789,169.584,131.712494,64.09623,145.819382,128.221283,205.458237,84.109367,160.999283,99.493507,123.389252,180.710007,130.983154,280.49588,57.996815,200.456131,50.615158,114.374222,135.899994,28535.800781
"6","2020-01-28",161.016861,130.577988,218.79245,78.103012,314.687714,133.672333,106.708702,46.522373,55.555847,44.886452,238.166092,229.715469,171.460266,132.596146,65.676926,146.554626,130.552032,206.488754,84.25589,164.154221,99.662247,123.723022,182.850006,131.629608,282.253357,58.761585,201.609024,51.148155,115.104721,138.369995,28722.849609
"7","2020-01-29",157.535522,129.818863,221.040314,79.7379,320.115387,132.733856,105.988487,45.821175,55.555847,47.275448,235.750839,229.872635,171.665466,130.828842,64.720711,147.574127,130.357803,210.463654,85.223,166.713821,99.096481,122.770775,181.770004,130.532608,279.320923,57.628944,203.60672,50.663612,114.403831,136.059998,28734.449219
"8","2020-01-30",158.031464,131.337112,220.06723,79.622337,321.387817,132.333054,106.977592,46.006214,57.358662,46.133301,239.687866,228.664429,174.274582,129.954681,64.857307,147.397675,131.969925,212.171402,84.500122,171.416428,97.458786,123.644485,185.669998,131.443497,277.425232,57.464378,206.936249,50.343815,115.084984,137.809998,28859.439453
"9","2020-01-31",154.287567,128.034454,210.238892,76.091995,316.387573,128.403259,102.886696,44.769386,56.9104,43.848999,233.42395,224.057556,169.271301,136.567856,62.378933,145.937027,128.541748,210.00238,83.46463,168.886551,95.582863,122.338837,182.309998,128.916504,269.003143,57.541821,197.752747,49.277824,113.02179,138.309998,28256.029297
"10","2020-02-03",152.274612,129.148468,211.04657,75.883018,314.131012,126.858704,102.060844,45.314754,57.085804,44.486698,234.661041,227.4366,167.414642,138.981308,62.85704,147.211411,129.522629,211.189941,85.320694,173.003815,98.530739,122.819862,185.419998,130.865631,270.553284,56.196205,199.581512,49.374737,112.804604,141.320007,28399.810547
"11","2020-02-04",152.906693,129.986465,215.843964,78.388199,316.05954,130.514786,102.608208,46.376289,57.339172,45.733547,237.537735,230.835281,171.215958,141.679779,63.871811,148.613266,131.387222,210.640335,86.317108,178.698502,100.625023,123.359802,188.339996,129.856781,277.286957,56.428547,202.314667,50.72176,113.791779,144.729996,28807.630859
"12","2020-02-05",157.85643,131.711731,225.701508,79.027405,327.600861,134.356628,105.902046,47.184612,57.348915,47.218342,239.854797,233.890152,172.867401,148.539993,65.706192,150.956161,133.62088,210.394974,83.845619,178.48024,99.791283,124.488747,185.490005,133.970505,291.988617,57.241718,201.56926,51.341972,115.312027,141.369995,29290.849609
"13","2020-02-06",158.401001,131.366669,225.224655,79.951775,339.410614,134.170883,105.14341,47.418346,57.485352,46.828106,237.419907,234.607208,172.329971,148.948563,65.784637,150.505203,133.640305,208.922775,83.699074,182.180817,99.523285,124.812706,186.729996,133.696274,288.759979,57.541821,201.797852,51.836201,114.818443,142.699997,29379.769531
"14","2020-02-07",155.668442,129.956909,223.161697,78.865021,334.758301,130.377914,104.615242,46.717148,57.680244,45.714508,233.669418,233.094513,171.284332,147.287613,64.735458,148.897537,133.212997,207.686142,83.112953,182.438751,98.699478,123.77211,185.720001,133.216324,285.560974,58.025852,201.499695,51.593933,114.95665,141.020004,29102.509766
"15","2020-02-10",155.736496,130.370956,221.303055,79.239594,342.63147,131.306625,105.431503,47.593643,58.22596,45.866795,233.041061,236.34584,172.916275,148.266891,65.098259,148.868118,133.766571,209.256485,83.679543,187.210785,99.275146,123.860458,189.119995,133.422028,283.398682,58.316277,204.729828,51.768364,113.772041,142.589996,29276.820313
"16","2020-02-11",157.973114,130.755447,222.801651,78.76152,342.382935,133.134689,106.795135,47.846855,58.070045,46.43787,232.15744,237.357605,175.066132,147.354797,66.098427,148.995575,134.019058,211.729752,83.279015,182.984406,99.275146,121.88726,189.110001,134.558197,287.111115,56.815769,202.692368,51.351662,113.92012,141.009995,29276.339844
"17","2020-02-12",159.285919,131.356827,220.894363,80.631927,345.39502,136.458389,107.592186,48.625957,57.894634,46.999432,234.307587,237.308472,177.049835,149.111786,66.147438,148.113281,134.019058,213.427673,81.325249,183.252274,102.232964,121.190247,189.460007,132.922501,299.640564,56.370461,206.170944,52.785904,114.364342,141.850006,29551.419922
"18","2020-02-13",156.764099,132.559586,218.581543,80.057739,342.820007,136.58548,107.227272,46.084126,58.089531,45.971497,234.013046,238.064835,176.014023,148.151688,66.127838,147.132996,133.902527,213.388412,80.074852,182.260178,102.600204,122.672615,188.639999,134.068451,298.37677,56.77705,206.429718,51.913727,115.93396,140.899994,29423.310547
"19","2020-02-14",157.990662,133.949661,219.012741,80.077461,340.48999,134.894287,106.945526,45.743267,58.42086,46.285587,232.766144,240.687515,176.688293,144.68576,65.961136,147.172211,133.494644,213.064514,80.739136,183.887222,102.768936,123.831017,189.949997,134.930374,295.000031,56.641518,209.306198,51.215984,116.378189,139.539993,29398.080078
"20","2020-02-18",155.90062,133.683487,217.258514,78.611198,338.880005,133.51593,107.100967,45.373192,58.01157,45.438492,228.966583,239.616837,175.329971,145.069794,64.853127,146.201706,131.727142,212.141953,80.55352,185.752396,101.24041,122.584267,191.089996,133.089005,298.317535,56.06068,210.211945,50.695934,118.095871,139.139999,29232.189453
"21","2020-02-19",156.35199,134.994659,218.503143,79.749702,338.299988,133.789627,107.586723,45.081028,58.245453,45.26717,233.011612,239.322144,176.737137,144.839371,65.804253,146.005646,133.523788,211.631607,80.104156,186.309494,101.696976,123.143829,192.869995,131.747116,301.447418,56.360779,212.312073,50.901218,116.170876,141.300003,29348.029297
"22","2020-02-20",155.586609,134.649628,217.699539,78.931564,336.279999,133.858063,106.683212,45.626396,58.196728,46.409317,228.4953,242.642242,176.580795,145.184998,64.176552,145.446884,133.523788,211.091797,80.582825,183.46431,101.766464,124.262955,193.360001,131.228027,298.307648,56.234932,210.460785,50.705708,116.180748,140.369995,29219.980469
"23","2020-02-21",153.987167,132.993362,218.336533,77.144943,330.380005,134.13179,105.905998,45.090763,58.596268,45.971497,226.423691,240.99202,175.779495,143.860077,63.088142,146.976135,131.892227,211.867126,80.436295,177.66452,99.503433,124.38076,189.5,132.383804,297.616486,56.341419,207.83313,50.295135,117.059341,138.970001,28992.410156
"24","2020-02-24",149.689316,126.378204,213.524704,73.480522,317.899994,129.204865,101.728432,42.850834,57.154022,44.010807,220.45433,235.45195,171.274582,140.586151,60.558346,143.947449,128.347519,209.56073,79.449646,170.004425,95.195763,121.042999,185.940002,131.365143,274.275574,56.13813,197.860001,47.929455,114.828316,133.009995,27960.800781
"25","2020-02-25",144.096222,119.191231,206.174606,70.991577,304.140015,126.105965,97.842331,41.623745,56.345188,41.831203,213.650436,233.173096,163.974869,136.05455,58.567848,142.704376,122.617737,208.167068,78.414146,167.199051,92.208176,119.20723,181.270004,128.103546,260.0578,55.295906,187.518616,46.443569,112.923065,128.190002,27081.359375
"26","2020-02-26",146.166641,116.82515,210.25145,72.117767,305.589996,125.372795,95.248352,41.058891,56.130802,40.974594,211.853714,231.110306,163.368973,134.17276,58.489399,141.747421,122.986755,206.204147,78.091789,169.288147,91.314873,117.96048,178.869995,125.919342,259.672699,55.315266,186.334198,46.599979,112.320892,123.360001,26957.589844
"27","2020-02-27",147.344131,111.215576,199.432129,67.403557,287.76001,120.504524,91.449692,38.994259,53.528904,38.26553,201.947327,220.747269,156.756821,127.79776,54.743729,137.248764,117.86879,197.272888,76.274796,157.360291,87.890564,111.422394,172.149994,121.531372,250.707581,53.301693,179.167847,45.202084,108.984238,118.040001,25766.640625
"28","2020-02-28",146.441391,108.376282,195.737488,67.364128,275.109985,121.452766,90.682182,38.887131,52.125637,39.097599,198.322067,213.97937,159.330948,124.955879,54.439758,132.671158,112.760529,191.762085,74.789925,161.170441,88.960518,111.157333,170.399994,117.349075,251.734406,52.430435,180.909668,44.732853,106.299118,117.650002,25409.359375
"29","2020-03-02",150.150497,112.260597,207.958221,73.635773,289.269989,124.737381,93.839638,40.094746,54.493652,40.074791,206.915985,225.864944,161.364731,128.940277,57.048,138.136658,118.014458,200.038162,79.488724,171.894577,92.245041,117.371452,176.759995,125.057426,269.654785,55.489521,191.430237,47.030106,114.393959,119.980003,26703.320313
"30","2020-03-03",142.516403,106.483421,200.33374,71.297157,280.619995,121.589615,91.702293,38.994259,54.630085,39.242725,200.949631,223.900406,159.055847,123.755768,54.881001,133.766251,113.586006,197.035858,77.300507,163.657486,90.503242,116.006905,169.369995,122.736107,258.092926,53.921253,184.861099,45.08477,111.462051,116.449997,25917.410156
"31","2020-03-04",151.092499,114.064728,210.810059,74.60424,283.119995,124.54187,95.724403,40.309002,57.417126,40.548882,206.194901,236.80751,168.193054,128.863464,57.538273,141.55011,116.392639,204.452728,81.051735,169.666183,93.349831,122.221031,175.690002,128.828354,285.758484,56.263973,193.381042,47.597084,115.272545,119.18,27090.859375
"32","2020-03-05",148.570694,109.372009,207.879837,72.184303,260.369995,119.233681,94.422562,38.536533,55.29274,38.797665,196.366196,230.648621,162.032791,124.379829,55.851738,140.099884,110.682266,195.860611,79.693871,165.408371,90.154892,119.403564,169.600006,125.390442,279.380157,55.334629,186.085358,47.685062,114.433449,113.980003,26121.279297
"33","2020-03-06",150.768677,106.710159,206.439209,71.225685,262.329987,118.686249,92.605804,38.643665,53.850487,37.704365,190.498642,224.460266,161.158386,122.632469,54.684895,140.119614,104.962173,196.393921,80.29953,160.732742,87.945313,119.433022,164.080002,122.275757,280.278656,55.05389,183.497528,49.376228,115.726654,115.269997,25864.779297
"34","2020-03-09",141.358521,96.900795,194.404678,65.592308,227.169998,101.73526,78.372963,36.968582,50.537209,29.538471,170.702972,206.730179,150.183929,113.108353,49.860619,134.604813,90.744499,184.54274,77.134438,149.839462,83.715256,113.935524,151.210007,114.565742,269.980591,54.047104,170.329422,47.352695,115.657547,104.349998,23851.019531
"35","2020-03-10",150.425247,101.839989,202.666168,70.316368,231.009995,104.100967,82.560234,39.033215,52.291298,30.380217,182.10228,221.700073,158.85936,119.790596,52.929718,139.734863,97.795067,197.381516,80.123695,160.08609,87.88559,118.343338,161.339996,117.888344,276.457581,54.715065,181.745743,48.056534,118.253822,111.459999,25018.160156
"36","2020-03-11",144.478897,94.031929,194.679092,67.874245,189.080002,98.431091,80.665764,36.082352,50.878284,27.080963,169.794205,210.51619,150.704651,113.261971,50.654861,130.027237,93.191795,185.915482,77.417732,152.833878,83.605774,109.547348,154.570007,111.01638,274.265686,53.079041,172.1409,45.035896,112.962555,105.510002,23553.220703
"37","2020-03-12",131.075058,82.349411,178.597107,61.171341,154.839996,90.190208,74.088531,32.332905,45.957092,22.901264,148.842804,188.464828,132.489227,98.706985,44.653938,123.723175,85.509987,168.020218,72.728706,138.339371,73.851761,99.975822,140.589996,100.74292,247.241974,49.56496,159.331085,40.099251,102.715675,91.809998,21200.619141
"38","2020-03-13",139.023148,98.192276,198.06012,68.500175,170.199997,97.40464,81.044655,36.65694,47.647919,24.855661,175.009811,203.376694,146.794342,103.641853,53.370964,132.483719,100.912468,174.933395,75.594917,158.006912,75.225296,111.981949,147.779999,105.938805,269.76178,52.440113,175.007431,45.153202,112.636787,102.519997,23185.619141
"39","2020-03-16",128.455124,84.656342,184.908371,59.687832,129.610001,91.314407,67.715324,32.829582,44.492363,21.285501,152.774277,163.120651,132.901871,95.125847,43.742031,125.420029,85.811035,147.162109,68.867706,134.718231,66.476547,106.513916,124.300003,83.903145,223.15538,49.361668,151.298843,44.068119,105.390915,95.010002,20188.519531
"40","2020-03-17",131.91893,85.356308,203.646179,62.312309,124.139999,97.95208,68.677139,34.57283,46.379799,25.736107,156.735382,171.703842,129.49263,102.393738,49.105606,134.752777,91.055267,145.789337,73.359085,145.810471,69.512222,116.075623,135.419998,95.054077,242.174774,52.575645,157.151337,48.48666,117.730621,93.529999,21237.380859
"41","2020-03-18",134.450531,72.707642,200.784546,60.786911,101.889999,97.873878,53.482479,36.15052,44.089317,25.581305,138.312775,153.894669,117.516037,99.417458,46.683662,133.14473,81.469994,135.597336,70.551971,139.672424,67.72068,115.300079,132.240005,80.541107,215.242218,52.585323,147.785355,51.624607,121.008041,88.800003,19898.919922
"42","2020-03-19",134.931351,75.980721,194.78688,60.321156,97.709999,100.699043,55.755848,36.725109,41.120544,27.206743,147.667313,159.333328,116.877411,96.335556,45.04615,125.34111,82.839317,147.646027,69.66552,141.970474,70.00988,108.80127,139.460007,84.859497,217.959274,51.907677,151.537735,47.460228,118.439934,94.93,20087.189453
"43","2020-03-20",122.548004,73.072411,184.486969,56.491634,95.010002,93.357521,57.698898,34.670216,37.65041,26.548826,136.722412,150.453461,110.530502,91.583107,44.938297,118.277412,81.091248,146.648575,70.286041,136.638245,67.133438,100.555023,139.350006,88.251122,204.859909,50.145798,146.143097,45.378036,113.006279,85.980003,19173.980469
"44","2020-03-23",115.659653,67.985336,182.213348,55.291519,105.620003,89.789406,52.676113,33.696335,36.922962,25.716757,133.324341,160.579285,102.041756,90.987846,48.615334,109.645111,76.750183,135.399826,65.400688,135.275345,62.505268,95.911598,140.520004,87.117287,193.228134,48.703384,135.104965,42.631115,113.313652,85.760002,18591.929688
"45","2020-03-24",130.231171,82.862061,198.295319,60.838661,127.68,99.066505,64.655022,37.591869,38.780907,27.545374,151.727203,182.660309,117.417778,101.270439,51.380466,117.576973,85.879028,159.941635,68.010803,147.571289,71.990547,101.379639,153.639999,92.421623,217.959274,48.3936,153.807083,44.234303,114.057312,98.120003,20704.910156
"46","2020-03-25",129.073303,88.895561,189.279221,60.503517,158.729996,102.3218,67.297562,36.686157,40.90427,29.393343,153.238556,179.733292,127.380264,101.625664,50.262642,117.794006,89.083832,160.958862,67.193291,146.15863,78.639191,99.072662,147.059998,90.883568,232.526245,48.3452,161.023163,40.509823,108.474922,100.730003,21200.550781
"47","2020-03-26",133.626282,91.971466,194.522293,63.687393,180.550003,108.021011,74.205116,39.520157,43.538818,28.716078,163.76857,193.03334,134.994568,108.384705,54.45937,124.867561,95.289497,165.274673,72.423378,155.301025,83.904366,105.414406,154.729996,97.282288,253.251221,51.830235,168.089935,44.644875,108.891365,105.360001,22552.169922
"48","2020-03-27",130.741425,87.475922,194.306686,61.050594,162,103.074524,66.821518,37.806122,42.08392,27.632452,156.409409,188.425293,128.971924,103.718658,51.351048,121.503433,88.501137,161.976089,70.650475,148.924225,82.839394,108.153343,146,98.544289,240.419586,51.084824,160.804184,43.01236,108.653397,96.400002,21636.779297
"49","2020-03-30",135.157043,88.994148,204.312592,62.79285,152.279999,109.203857,69.901253,39.266945,44.236774,27.719528,157.673798,193.913406,129.443497,108.423111,54.410343,131.220947,90.802773,166.045013,75.791908,159.399673,84.979286,112.894928,149.850006,101.147156,249.175644,53.020954,164.795425,44.14632,114.215958,99.800003,22327.480469
"50","2020-03-31",133.950104,84.400017,198.677521,62.664707,149.139999,113.436722,70.396736,38.283325,43.499493,28.290369,152.705124,184.628113,131.447784,106.50293,53.066994,129.366241,87.432869,163.299484,75.782066,156.892731,82.351677,107.986458,143.979996,97.952721,247.291565,52.014164,160.366241,44.723076,112.659241,96.599998,21917.160156
"51","2020-04-01",130.643295,76.73983,193.855865,59.367474,130.699997,108.851944,66.607788,37.328922,41.405621,26.161818,143.518509,176.638214,127.439224,100.944,50.870579,127.077438,81.92643,156.208527,72.689323,151.321747,78.858162,107.32872,134.059998,93.861084,235.332565,51.23003,152.393723,42.064133,113.174835,94.919998,20943.509766
"52","2020-04-02",135.323853,75.996323,204.70459,60.35812,123.269997,114.12101,73.952522,39.128021,43.204582,27.119665,148.101944,179.288315,130.48494,105.610039,53.292519,131.359055,84.985565,159.497238,75.713112,154.455414,79.763885,112.305908,134.320007,95.823105,238.426422,53.485622,156.653687,39.414963,117.646706,96.970001,21413.439453
"53","2020-04-03",131.281097,72.962814,201.303955,59.490692,124.519997,112.09745,72.971283,38.400517,43.08662,27.061613,145.138519,176.707428,125.218781,102.096107,53.076805,132.365341,82.473579,158.341736,75.10244,153.032837,78.489899,112.973465,134.309998,92.569519,227.56813,52.95319,151.139618,39.805984,118.469688,93.879997,21052.529297
"54","2020-04-06",138.061523,83.143906,207.350616,64.680504,148.770004,117.728233,78.100929,40.730503,45.878448,29.548147,156.300751,189.196609,131.654114,110.237686,57.29314,137.880142,87.782112,174.844498,79.101334,164.413544,84.232811,115.653488,147.550003,97.587936,246.260269,54.88932,168.647324,41.673115,125.00396,99.580002,22679.990234
"55","2020-04-07",141.888412,86.821793,204.606583,63.931355,141.580002,119.184807,78.615837,39.953842,45.721161,31.280016,163.995758,190.145874,132.872391,110.352898,57.263721,135.630814,88.93998,173.412491,77.37767,162.642776,83.765022,110.70575,145.070007,99.362617,245.962769,55.160378,167.801285,41.849072,120.958458,101.239998,22653.859375
"56","2020-04-08",146.196075,91.282829,214.808502,65.567657,146.869995,124.54187,83.531761,41.035271,47.008945,33.660122,174.802383,192.64769,136.81221,114.529289,57.832439,141.333069,92.531334,175.28894,80.391624,164.274277,84.899673,112.993103,151.119995,103.464111,265.587036,55.954193,174.121582,42.122784,120.809723,101.07,23433.570313
"57","2020-04-09",145.008759,93.999107,213.848099,66.040802,151.839996,122.225037,81.909309,40.504387,48.168934,35.372635,182.013367,199.282867,140.919022,116.6511,56.02824,139.330383,100.832657,181.421906,81.248528,164.284225,86.382683,112.561157,154.550003,108.196594,261.91806,56.203705,172.877441,42.992809,120.770065,104.5,23719.369141
"58","2020-04-13",143.654633,89.547981,213.906891,67.337029,147.330002,111.579338,82.492233,40.524052,46.134041,34.085827,176.9953,196.57341,135.525131,116.315063,57.557888,137.89003,96.348373,177.886307,79.327881,164.652313,84.063614,113.827538,152.5,104.923286,261.303253,55.450275,168.199432,43.119888,124.240471,103.5,23390.769531
"59","2020-04-14",147.324509,87.624771,222.266388,70.737755,141,113.866852,82.200768,42.057709,48.090286,34.221279,176.0569,204.85997,138.128723,118.964912,59.479748,144.065811,93.708824,181.708344,81.593262,172.799866,87.059486,118.745827,157.710007,106.500786,268.23468,56.888638,173.80307,45.33894,127.90918,106.029999,23949.759766
"60","2020-04-15",142.437897,83.064598,217.366318,70.09211,145.979996,109.027901,80.141129,40.818985,46.802505,31.18326,176.343353,196.266861,132.479401,113.953239,57.724579,145.673904,89.087166,175.634583,80.834854,170.989304,84.640892,119.001076,155.630005,100.733063,279.321045,55.704681,165.183594,42.464928,127.671211,103.370003,23504.349609
"61","2020-04-16",142.18277,80.645721,226.284424,70.64904,134.240005,110.679985,77.712318,40.79932,46.301155,30.602747,174.881393,197.621597,130.013351,111.111366,59.60722,147.65686,85.692062,177.274002,81.750854,176.122543,85.894974,119.275955,157.059998,98.406258,295.930786,56.418972,161.660156,42.259644,131.211029,102.019997,23537.679688
"62","2020-04-17",143.713531,86.63343,230.273071,69.690422,154,114.734673,84.687874,41.762775,47.244877,32.33461,181.252762,207.084885,135.898499,115.326172,59.185589,149.97525,93.394829,183.792175,82.203934,177.674484,89.488037,122.407562,162.619995,103.592278,288.126709,57.201752,168.746841,43.501133,131.002792,106.629997,24242.490234
"63","2020-04-20",140.97583,83.282692,231.870483,68.243881,143.610001,113.057549,81.190384,41.821762,45.740822,30.505997,178.200424,203.752472,133.324341,115.604599,58.028549,149.629959,89.989906,179.397339,81.849358,174.152817,87.487473,118.392418,162.759995,100.348549,279.777222,56.878853,163.451736,41.888172,128.751999,102.260002,23650.439453
"64","2020-04-21",138.974091,80.814247,226.137421,66.134438,136.330002,108.371475,79.315338,39.865356,44.610329,29.877104,171.690781,198.373123,129.689117,112.100266,55.263416,147.666718,87.379807,175.377823,77.37767,166.950348,84.800133,117.489258,150.559998,100.348549,271.893799,55.59705,159.778992,41.594906,128.117416,100.540001,23018.880859
"65","2020-04-22",140.916962,81.825417,224.706604,68.039352,134.970001,109.150841,82.035614,41.054928,44.905239,30.805927,173.834335,201.893417,130.701096,114.548485,58.930645,150.932205,87.664352,184.16745,78.776314,172.620804,88.353386,117.214394,154.139999,100.358406,274.700073,56.741867,165.810638,42.337849,130.47728,100.989998,23475.820313
"66","2020-04-23",141.623474,81.746117,227.842651,67.775673,137.740005,111.390305,84.328415,40.917294,44.305588,31.502544,172.915665,200.064072,132.322189,116.50708,57.89127,153.418304,87.713425,179.782501,79.662758,170.531677,86.940048,117.996094,151.720001,99.037254,282.94046,56.350475,165.601624,42.523582,127.443153,101,23515.259766
"67","2020-04-24",144.243393,82.449959,231.556885,69.732323,128.979996,112.505089,84.532433,41.802101,44.659481,32.044357,174.841888,209.814102,133.147507,119.742584,58.106991,152.777054,89.008659,181.737961,80.204491,173.645462,87.955261,117.383377,153.979996,99.402046,288.850586,56.683159,166.537247,42.758198,128.345459,101.190002,23775.269531
"68","2020-04-27",150.768677,84.323593,237.583939,69.781609,128.679993,113.649475,87.155548,42.332985,45.986584,33.321484,181.302155,215.331879,137.431183,120.894699,58.312904,152.214722,92.845337,183.584763,82.71611,173.148056,88.950569,116.069016,157.630005,101.44294,291.518066,56.565742,170.956451,43.432709,127.215103,106.059998,24133.779297
"69","2020-04-28",154.654419,87.426506,232.919098,68.65049,131.300003,113.905968,87.349861,41.77261,45.947262,34.705044,184.729828,215.203339,140.260742,121.230728,57.606911,149.353729,93.502762,183.624252,79.958244,168.930023,88.383247,115.515602,154.460007,102.82325,285.945099,56.585312,170.448853,43.647774,126.917641,106.209999,24101.550781
"70","2020-04-29",153.329742,95.287857,230.978683,70.905334,139,118.444054,91.925743,42.608253,46.32082,36.253082,187.713028,219.336731,143.601242,123.554153,60.597569,148.219193,96.024559,185.490829,79.554413,176.510529,87.65667,115.703369,160.429993,104.509201,285.241028,56.869068,180.939529,44.341831,122.55484,112.25,24633.859375
"71","2020-04-30",149.071121,90.460014,234.438126,72.401154,141.020004,114.813591,89.380348,41.664463,45.111679,35.498409,181.183624,217.378815,139.415802,120.549057,58.812981,148.021881,93.963951,185.234055,78.145935,178.281311,86.770844,116.484085,161.949997,99.78656,290.020691,56.21349,177.883911,42.318295,120.522179,108.150002,24345.720703
"72","2020-05-01",145.813385,87.555374,226.362823,71.235542,133.369995,109.387619,86.893242,40.229111,44.826595,32.828049,174.940689,216.132858,134.847214,117.006332,56.351818,146.295425,91.501022,180.394821,76.501068,173.665375,85.138542,115.446426,156.369995,94.699142,282.12738,55.606834,174.748642,40.72488,121.880592,105.5,23723.689453
"73","2020-05-04",145.617126,85.632172,226.29422,72.243446,131.460007,106.270157,88.836296,40.651852,44.374401,31.986305,173.883713,219.366394,132.833099,116.823906,56.861702,146.275696,90.411842,179.614609,75.70327,177.913223,85.347557,114.408768,161.470001,95.547043,285.131989,55.029533,175.325928,41.497154,122.653999,103.18,23749.759766
"74","2020-05-05",144.665314,85.989059,231.635269,73.327736,125.400002,107.444138,90.245003,40.759995,44.629993,32.286236,176.126038,223.09436,132.508881,117.687988,57.606911,147.489151,90.274475,177.017227,76.83596,179.823273,86.790749,114.64595,163.25,95.487885,290.585938,55.293716,177.605209,41.076805,123.675293,101.059998,23883.089844
"75","2020-05-06",143.458389,83.272781,231.860687,74.084282,121.860001,106.220818,87.48587,40.455231,43.991013,30.922029,174.762863,221.423203,130.710922,118.25444,58.356335,146.088242,88.57692,174.775391,75.959358,181.594055,88.024933,111.770164,163.669998,91.977951,286.351654,54.442444,177.943619,40.275211,122.257385,100.879997,23664.640625
"76","2020-05-07",143.007019,85.979149,228.665848,74.85067,128.649994,105.845932,90.002113,40.671513,43.843555,31.783123,180.097031,226.891541,130.465286,117.952827,58.346474,145.604843,89.49929,178.873901,74.462227,182.648575,88.144363,110.851097,169.899994,94.45266,282.613251,54.383739,181.865189,39.74733,121.390945,105.57,23875.890625
"77","2020-05-08",145.725067,88.725166,230.126068,77.259674,133.440002,110.601059,92.751541,42.264164,45.327946,33.215061,183.129593,231.81601,134.513168,119.665245,58.839512,146.699905,90.961334,178.982559,75.250191,183.722946,90.035454,114.586655,175.899994,95.970993,284.596497,55.773174,184.224106,40.734657,122.436646,109.160004,24331.320313
"78","2020-05-11",142.997208,84.59127,237.887741,78.475372,128.910004,107.14817,90.711342,42.588593,44.767616,32.799023,180.926773,233.922256,131.929214,119.276054,59.293114,147.104401,88.282547,178.636887,76.737465,185.772293,90.503242,113.954178,182.669998,94.166733,286.272339,55.186092,182.701248,40.773758,123.163658,107.769997,24221.990234
"79","2020-05-12",138.86615,82.420219,232.468277,77.578537,125.220001,103.586761,88.505966,42.490284,44.059826,32.692596,175.049347,230.30307,125.356323,117.009041,57.577328,145.160889,85.397682,174.350708,76.028297,181.564194,87.845779,113.203117,177.539993,92.638535,285.290649,54.266319,178.630402,39.620247,123.273209,104.559998,23764.779297
"80","2020-05-13",133.567413,77.354462,232.095901,76.641853,121.5,103.073761,86.174309,41.241726,43.194752,31.299362,169.705292,227.534302,120.817207,112.601509,56.936378,145.151031,82.453949,170.676849,76.717766,178.818512,85.616287,112.580528,169.639999,88.596199,275.671844,53.669449,176.556656,37.489182,123.203491,102.919998,23247.970703
"81","2020-05-14",133.43985,83.084427,233.222885,77.112686,122.519997,104.760742,87.48587,43.109642,42.958824,32.421692,172.322968,231.865448,125.746101,113.788521,58.257729,145.65416,85.878494,173.234726,78.845253,179.594467,86.143806,112.471817,167,88.951134,288.176239,53.728157,180.355179,37.977955,122.91468,105.910004,23625.339844
"82","2020-05-15",136.089233,81.508194,236.991867,76.656792,120,106.467461,86.621216,43.522556,42.526287,32.470066,169.774429,236.661377,124.122932,113.817711,57.468861,148.416504,84.288887,171.654556,78.579315,182.210846,86.581734,113.262413,171.330002,89.039864,288.523315,53.532459,182.937378,37.538063,125.424362,109.050003,23685.419922
"83","2020-05-18",146.470825,87.6446,230.0755,78.462914,135.440002,113.471893,91.234703,44.299217,44.207283,35.546791,179.662399,242.614258,134.643829,118.273903,59.086033,148.495438,88.75354,177.599915,78.520218,183.951767,90.612732,114.843605,172.5,93.959686,290.903229,54.520725,190.803619,39.942841,127.137321,116.849998,24597.369141
"84","2020-05-19",145.597519,86.504555,224.392426,78.009521,130.440002,110.571465,88.346344,43.856812,43.784576,34.482513,175.661774,235.445099,130.59581,117.038231,59.450886,147.015594,87.006927,177.34314,76.382881,182.678406,91.080528,111.117928,176.039993,91.958237,286.629333,53.209568,188.789719,39.318024,124.438416,114.370003,24206.859375
"85","2020-05-20",146.873123,89.944519,224.826538,79.526665,133.320007,114.132881,91.678307,44.672794,45.111679,35.004978,179.227768,235.534088,134.633942,118.098763,62.221775,145.693619,89.617035,181.816971,75.732819,185.21228,92.513771,111.948051,176.929993,94.196312,285.578217,53.092148,193.276154,39.683819,124.936363,119.919998,24575.900391
"86","2020-05-21",144.494781,89.052315,221.777817,78.933754,139,112.524811,90.731949,43.886307,44.403889,34.656666,177.904099,238.194107,136.276901,115.899864,61.117363,144.736694,88.47879,182.784805,75.397934,182.987656,93.817619,110.307571,175.259995,97.775261,284.507233,52.808392,190.045898,39.298252,124.478249,117.830002,24474.119141
"87","2020-05-22",145.119095,88.556641,223.405777,79.441963,137.529999,110.956215,88.996964,44.141918,44.266262,34.946922,177.736145,239.182953,137.751602,115.189598,61.393467,143.415466,87.791924,182.123123,75.220642,183.067459,93.310013,111.276047,177.850006,98.692177,287.511902,52.935589,190.285187,39.149956,123.820953,118.019997,24465.160156
"88","2020-05-26",150.708221,93.503433,219.429596,78.903862,144.729996,115.829727,91.974045,44.082932,45.308289,37.530212,193.669495,239.776245,143.452499,118.468498,61.472351,143.604202,94.02282,182.547791,76.097244,181.132156,96.16655,110.712746,176.520004,101.906326,292.420441,53.131287,192.638077,41.680862,123.352882,120.949997,24995.109375
"89","2020-05-27",156.723465,100.353615,221.807404,79.247643,149.520004,120.772293,92.565514,45.184017,45.937431,38.526756,207.103683,244.601837,147.065033,122.146317,62.675377,143.932022,99.468727,185.392075,76.382881,181.371567,99.401299,112.550873,176.600006,105.317665,301.226044,53.953209,192.239288,42.481659,121.978531,121.529999,25548.269531
"90","2020-05-28",155.405472,97.211052,221.136505,79.282524,149.820007,119.114906,89.578575,44.830097,46.291325,38.122974,198.766586,242.406601,146.045609,121.163612,60.841263,145.998276,97.987053,186.389542,77.850456,180.962555,97.997902,114.695358,181.100006,106.076836,301.424377,54.520725,193.674942,41.354614,123.183578,116.75,25400.640625
"91","2020-05-29",155.0289,94.246941,226.632095,79.205299,145.850006,118.513115,90.396774,47.012615,45.888279,38.014641,195.307526,245.709335,144.353165,121.523621,62.054142,147.76651,95.484879,185.236298,79.505173,182.80809,98.362106,114.557007,174.789993,105.475426,302.296997,56.144997,194.652008,42.451996,123.552055,117.300003,25383.109375
"92","2020-06-01",154.176651,95.912399,223.879379,80.179359,151.389999,118.878143,91.471291,45.518276,46.193024,38.024494,198.726822,244.532608,144.679764,121.513878,60.999035,146.216827,96.750679,186.319946,78.362625,182.389114,99.319977,115.871376,176.360001,107.614899,303.367981,54.579433,193.764694,42.807907,123.452469,118.769997,25475.019531
"93","2020-06-02",156.218079,98.212311,220.731979,80.550545,153.309998,121.660179,93.344292,46.09832,46.104553,39.984314,202.911484,249.892197,146.827499,122.59388,61.255417,147.269821,97.074493,186.498901,79.623367,184.464096,100.517326,116.671844,174.229996,109.438881,303.744781,55.186092,195.768616,43.055065,123.432556,118.75,25742.650391
"94","2020-06-03",159.755875,104.487518,218.048309,80.99398,173.160004,125.37944,95.798897,46.147472,47.087589,40.998695,209.302795,249.683289,151.776199,125.561432,61.068058,147.66716,102.314339,192.165741,80.825005,184.91301,103.879875,117.136322,174.990005,112.860077,302.792816,55.606834,196.277084,43.114384,122.964478,122.18,26269.890625
"95","2020-06-04",161.083786,105.617645,217.929916,80.296448,184.300003,127.224281,94.91169,46.068825,47.10725,42.062317,213.527222,247.644043,154.309906,125.405754,62.093586,145.759857,104.443634,192.116043,80.322685,182.478882,101.056129,114.685486,171.440002,116.340431,295.58371,55.988441,193.056824,43.697678,121.610046,123.690002,26281.820313
"96","2020-06-05",165.899948,108.780029,222.65593,82.583374,205.429993,133.301361,99.377312,47.022449,48.257404,43.303211,216.608566,253.56282,159.713867,128.490051,63.444511,146.326096,109.143799,196.013245,81.021996,186.748566,102.482971,116.938675,173.880005,122.610977,309.238403,56.49725,199.008835,44.834606,121.062294,124.82,27110.980469
"97","2020-06-08",165.364807,112.685913,222.734863,83.07164,230.5,135.866364,101.772774,47.317383,49.004517,45.203941,219.481171,255.423004,161.247971,132.080307,62.783844,145.799606,111.322159,201.471298,81.652359,187.905777,104.059479,117.650208,176.550003,126.199791,306.888245,56.839714,198.998871,46.48563,120.743607,127.279999,27572.439453
"98","2020-06-09",165.19635,109.5037,221.89621,85.694878,216.740005,132.383881,100.087074,47.238731,48.168934,43.736538,216.787491,255.413086,156.477432,128.305191,62.162613,144.994965,108.466743,198.359512,81.021996,189.3423,102.403145,116.948555,174.559998,124.482712,306.620514,56.614662,198.480423,44.765404,120.853157,123.889999,27272.300781
"99","2020-06-10",162.4216,105.240936,224.086563,87.89959,203.410004,130.657425,96.193214,46.61937,47.795376,42.919125,212.235046,253.115189,152.538284,126.359261,62.981056,146.8228,104.070755,194.661148,80.53936,196.365326,101.894279,117.828087,182.100006,120.075897,303.189484,56.800575,199.876205,43.776768,120.66394,122.18,26989.990234
"100","2020-06-11",151.005524,97.746376,215.976349,83.679497,170,119.914001,88.099899,42.932682,44.767616,38.664635,192.961731,238.213776,141.967896,114.81987,58.869099,139.938599,95.386749,186.419357,76.18589,185.820816,94.959633,114.893013,172.050003,109.723846,281.353882,55.235012,188.311157,40.286884,119.598312,112.639999,25128.169922
"101","2020-06-12",153.473053,100.799721,214.9897,84.401947,189.509995,121.492477,91.076973,44.309048,45.233841,40.604759,200.565689,241.178131,143.026901,118.614441,58.50425,141.210144,97.996864,188.069717,75.749069,187.287277,96.21685,114.260536,175.110001,112.48307,282.761993,55.31329,191.680969,40.929501,117.257935,115.489998,25605.539063
"102","2020-06-15",156.307251,103.050064,216.844604,85.445755,190.940002,121.946274,89.933464,44.584316,45.928223,41.343388,205.06842,240.093857,145.125168,118.361465,59.263527,140.316101,99.350983,188.387863,73.485527,188.484375,97.623734,115.317955,178.610001,113.991707,283.882538,54.941471,191.18248,41.018478,117.59655,117.080002,25763.160156
"103","2020-06-16",158.229767,104.705605,223.839905,87.710258,197.770004,128.358795,92.693665,45.69524,46.394447,41.609291,208.32869,248.638794,147.579697,121.766853,59.559357,143.504883,100.14579,189.213028,76.41423,193.10321,98.821083,116.74102,180.479996,115.28199,290.546265,55.694897,192.299103,41.670979,119.160118,118.440002,26289.980469
"104","2020-06-17",157.783829,103.059975,222.951935,87.588196,192.539993,126.504089,90.239052,45.390472,46.205975,40.54567,204.949158,249.534088,146.817612,120.793892,59.648102,143.06778,97.614182,189.680283,75.739136,193.771591,98.990707,116.543373,181.399994,113.961929,290.149628,55.43071,192.977051,41.670979,118.542656,117.650002,26119.609375
"105","2020-06-18",157.773911,101.275566,227.243835,87.623077,192.289993,125.872704,90.633369,45.056213,46.612682,40.949455,202.613297,247.902679,146.708725,120.803619,59.243809,142.461823,97.084312,188.387863,75.669647,195.846588,98.232384,117.877502,187.660004,115.182739,289.039001,55.665543,193.326004,41.502907,117.506912,118.370003,26080.099609
"106","2020-06-19",156.723465,100.066124,235.511902,87.122337,187.020004,125.744461,89.341988,44.554825,45.650471,41.018394,200.416595,245.356094,143.878082,119.159302,58.790211,142.879044,95.975494,185.474884,77.337517,194.679398,95.568291,117.521729,186.949997,115.688927,290.04483,54.951252,191.621155,43.628475,119.359299,114.349998,25871.460938
"107","2020-06-22",155.276642,98.579109,231.062149,89.401787,188.520004,124.096939,90.288338,44.397526,45.372719,41.107029,202.195816,247.852951,143.452499,117.79715,59.25367,142.44194,94.935379,186.369659,76.195816,200.086334,99.290047,116.365494,191.649994,115.361397,291.468964,54.462017,194.372833,42.748589,121.181808,115.919998,26024.960938
"108","2020-06-23",156.41626,98.55928,232.601303,91.310051,187.880005,124.550743,90.14048,44.702293,45.273521,40.722939,203.547638,248.996902,143.373322,116.18203,59.086033,141.915451,96.093254,185.534546,76.563148,201.423096,101.694717,116.345726,189.059998,115.321693,296.378754,53.757511,197.373779,42.323475,120.574303,116.589996,26156.099609
"109","2020-06-24",150.84697,94.653397,229.404572,89.698242,176.690002,120.417145,86.394478,43.99445,44.291473,37.86692,196.828323,244.838837,136.930145,113.27285,58.267586,138.895554,92.884583,183.218094,75.322174,197.362915,99.858788,115.051125,185.550003,112.016579,287.993286,52.769249,190.833527,40.70211,119.807457,112.07,25445.939453
"110","2020-06-25",153.274857,97.002876,231.969849,90.889038,174.880005,123.031479,87.942169,44.456512,44.569221,39.373714,205.853683,244.092773,140.997955,115.812294,57.695656,138.746536,96.122688,181.696991,76.017113,199.856873,101.175873,116.503845,188.339996,113.763428,295.004395,53.111717,193.395782,41.562225,119.219872,111.360001,25745.599609
"111","2020-06-26",151.144257,92.611221,229.730164,88.096405,170.009995,120.742699,85.231247,45.528111,43.220142,39.196445,188.051453,239.745682,136.791565,114.022041,56.699715,136.898834,90.853401,178.694565,74.647087,195.856552,93.462952,113.875122,183.169998,110.170479,285.702728,52.015823,188.699966,40.70211,117.835564,109.099998,25015.550781
"112","2020-06-29",154.166748,93.701698,228.46727,90.126732,194.490005,123.564201,86.424049,45.370815,44.003799,40.358551,192.305695,244.828888,141.769943,116.512833,57.459003,138.120697,91.255714,181.736771,75.570366,197.961472,95.658096,116.276558,183.330002,112.056282,288.570923,53.512894,190.803619,41.839043,118.572533,111.519997,25595.800781
"113","2020-06-30",154.582962,94.375809,232.709824,90.879066,183.300003,124.797386,87.961884,45.852539,44.321232,40.141888,196.430725,249.195847,143.106079,117.505257,58.997292,139.700195,92.29583,183.397049,76.771629,203.019226,97.833275,118.164093,187.330002,113.197685,293.739624,53.943424,192.588226,41.908249,119.289581,111.510002,25812.880859
"114","2020-07-01",154.028,93.658813,251.712585,90.707176,180.320007,124.363297,86.374763,45.282333,44.460106,40.132038,196.381027,246.848236,142.631012,115.335541,57.991486,139.451859,91.510834,183.585953,77.555931,204.20636,97.184708,118.569275,191.889999,111.659271,296.508209,53.493324,193.196396,40.415409,119.199959,113.010002,25734.970703
"115","2020-07-02",155.623474,93.937645,254.790909,90.707176,180.809998,126.000961,87.054955,45.212971,44.519627,40.959301,196.212051,247.196396,143.531677,116.46418,58.307034,140.037949,91.808083,182.452576,78.211159,205.762604,98.212433,119.458687,192.529999,111.619568,297.036041,53.610744,195.080688,41.502907,118.721916,112.18,25827.359375
"116","2020-07-06",156.673935,96.178291,252.827499,93.133614,187.910004,127.687943,87.311264,45.99575,44.866814,41.806259,206.112106,248.240891,145.709091,116.940941,58.711323,142.034653,94.126572,187.40361,79.005386,210.191895,99.729073,120.199867,197.720001,113.713799,301.567352,54.05106,197.164398,42.669498,118.403229,114.43,26287.029297
"117","2020-07-07",153.423523,92.623138,249.768906,92.844635,178.880005,125.487953,85.083382,45.212971,44.846973,41.057785,198.160263,246.052444,143.482178,114.401489,57.498444,141.905518,91.471207,184.739197,78.151596,207.747803,96.855438,120.782936,196.380005,111.63942,295.432617,53.855362,193.615128,41.740181,126.430222,113.629997,25890.179688
"118","2020-07-08",153.185669,92.513596,248.229736,95.006996,180.080002,126.405441,85.12281,45.391327,44.708099,39.738106,201.032867,247.862885,144.095825,114.527977,57.79427,142.322739,92.4422,184.769028,77.357368,212.316772,98.621521,121.445053,200.279999,112.33419,297.13559,54.188042,194.482529,41.809383,123.930504,116.660004,26067.279297
"119","2020-07-09",150.083908,90.193283,248.298813,95.415558,173.279999,124.03775,81.564117,46.273193,43.557415,38.841904,195.645477,246.659241,139.919128,112.582047,57.606911,141.547897,90.440765,183.257858,76.136253,213.803177,96.775612,121.039879,200.740005,109.217651,289.965179,53.371735,191.631134,38.566658,127.226952,116.809998,25706.089844
"120","2020-07-10",151.471283,92.842224,245.713806,95.582466,178.440002,126.287048,84.01873,46.233559,44.787457,40.141888,204.322937,248.797958,140.988052,115.150681,58.701462,141.42868,95.384888,183.804672,76.175964,213.154739,97.773399,122.433296,198.880005,112.98925,290.034882,53.915943,191.970093,39.664043,130.144943,119.339996,26075.300781
"121","2020-07-13",153.403687,93.170845,246.700439,95.141525,175.649994,128.812607,84.186317,45.510231,44.886654,40.614609,207.622971,248.310516,142.01738,115.977692,57.764687,144.249924,96.752205,183.844437,76.791481,206.570663,96.246788,122.591423,188.339996,113.386261,298.480072,53.876362,188.450729,39.130184,128.989716,116.220001,26085.800781
"122","2020-07-14",157.109955,94.445518,249.709717,96.715965,179.960007,135.037674,87.094391,45.837212,45.501675,41.79641,212.722092,256.437683,146.580078,117.339851,58.159119,146.942001,97.307053,189.610703,77.684982,207.84758,96.546127,123.619186,189.559998,117.664055,307.253906,54.85593,192.747742,39.65416,131.469513,118.660004,26642.589844
"123","2020-07-15",157.892838,96.95504,249.926758,97.381111,187.940002,136.497742,87.626717,45.975937,46.02742,42.672916,215.594696,256.447601,150.370758,119.674973,58.20842,147.279739,98.813087,190.654587,78.866394,207.538315,98.322189,123.036125,188.089996,118.249649,302.822174,54.479939,195.958054,40.217682,131.459549,120.900002,26870.099609
"124","2020-07-16",159.052277,95.919365,251.791534,96.182846,178.699997,136.695053,87.104248,45.361599,45.779427,43.165333,213.378113,256.726135,151.508957,120.657677,58.316891,148.263199,99.090508,189.809525,78.826683,203.428253,97.045021,123.293068,185.509995,119.59948,305.889526,55.192348,192.917236,40.880066,131.658737,119.43,26734.710938
"125","2020-07-17",158.388321,94.784111,255.007996,95.988533,175.660004,136.068878,85.950874,46.322735,46.444046,43.007755,210.137741,259.014099,153.409256,121.727936,59.164925,148.362549,97.257523,190.366272,79.293289,202.390762,96.067184,124.152832,187.779999,118.269501,305.272095,55.706871,194.502457,40.949268,131.200623,118.650002,26671.949219
"126","2020-07-20",154.959518,93.609016,257.464752,98.011391,174.419998,133.812668,84.058159,46.540726,45.749668,41.658535,210.435944,258.805206,151.815781,122.95388,60.29892,148.610901,96.405426,190.495514,78.836617,211.089737,95.438576,123.767426,195.089996,117.882408,302.214691,55.281403,197.872269,40.000179,130.931717,117.790001,26680.869141
"127","2020-07-21",156.376633,95.929329,254.465332,96.658661,178.630005,135.045135,90.091187,46.590267,46.820995,42.387314,210.744064,261.043396,153.171707,122.652252,59.855183,148.749969,98.496025,191.857544,78.320366,208.246597,98.142586,123.599419,190.800003,119.520081,303.85791,55.25172,195.88826,39.950748,131.788208,118.620003,26840.400391
"128","2020-07-22",157.278427,96.138451,253.547775,96.930199,179.789993,136.148392,89.746162,46.471367,48.090717,43.667599,204.7603,263.778961,153.023254,125.191696,60.200306,149.018173,97.782646,197.464737,78.211159,211.239365,98.691376,124.656845,191.309998,121.326477,305.451324,55.162666,198.261093,40.227566,132.116852,119.029999,27005.839844
"129","2020-07-23",157.85318,96.267906,248.871078,92.518288,176.449997,135.770706,89.716591,46.976704,47.892323,42.170647,201.798233,262.426086,152.152267,123.887924,59.559357,148.620819,98.069977,196.40097,77.496353,202.051575,98.082726,125.463371,188.539993,117.72361,301.726685,55.261612,196.835388,39.881546,131.101028,118.120003,26652.330078
"130","2020-07-24",158.398224,94.933487,244.667953,92.289093,173.759995,136.744751,88.849091,45.975937,48.100639,41.963833,200.257553,263.918213,147.896408,122.389549,49.885887,147.140671,97.376411,197.564163,76.543289,200.814575,98.212433,125.264465,188.490005,117.396072,299.555664,56.251076,194.562271,40.04961,130.702667,117.610001,26469.890625
"131","2020-07-27",161.767563,95.391571,250.262222,94.476364,170.210007,139.040726,89.746162,46.758713,48.090717,43.332756,201.798233,266.017151,149.212769,122.798195,48.880085,146.206879,96.009102,200.079453,78.360077,203.358429,96.995125,125.622482,190.960007,115.7584,297.374634,56.270866,196.316971,39.38723,130.672791,116.309998,26584.769531
"132","2020-07-28",153.928909,94.027267,251.860596,92.924355,170.839996,137.192017,87.84359,45.857029,47.793125,41.973682,200.406647,263.888367,150.449921,121.10524,48.554684,145.859207,96.42524,195.098602,79.114594,201.532837,96.057205,127.173866,189.5,114.170357,298.699158,56.874439,196.147491,40.217682,131.220535,116.18,26379.279297
"133","2020-07-29",154.840607,96.287834,245.526352,94.705559,166.009995,139.676849,88.789948,46.2831,47.634411,42.860035,201.360886,263.271637,152.993561,121.932259,47.400963,145.571121,98.763542,195.068771,78.777039,203.567917,96.755661,127.601494,193.610001,115.976761,305.421478,56.844757,197.981934,40.692226,130.154922,115.610001,26539.570313
"134","2020-07-30",150.747864,94.256317,242.852539,95.851517,161.949997,135.899918,85.043945,46.015568,47.30706,41.097179,198.329224,264.912964,147.629181,119.577682,47.322079,145.869141,96.127991,194.273422,78.41964,203.408295,96.605988,130.694321,191.699997,115.063637,303.977448,56.696339,193.47554,40.178135,129.58725,115.660004,26313.650391
"135","2020-07-31",149.112747,92.931847,241.402176,105.886086,158,132.073288,82.747063,46.669533,46.860676,40.43734,196.768692,264.09726,147.837021,119.6166,47.065693,144.79628,95.751488,193.149994,79.660614,204.51561,97.394249,130.395966,194.850006,113.564919,301.537476,56.874439,189.826569,40.247341,128.870193,116.940002,26428.320313
"136","2020-08-03",149.053299,93.150932,244.056229,108.554153,162.270004,130.979965,83.604698,46.728989,45.928223,39.482048,198.190079,264.783661,147.005661,120.949562,47.627762,146.375778,95.216454,193.269287,81.944008,216.017807,98.112656,130.565033,203.190002,113.545074,302.364044,56.636971,190.115692,40.613136,128.770615,116.349998,26664.400391
"137","2020-08-04",149.846085,92.802391,240.336578,109.279099,165.070007,130.721558,85.260818,47.234325,46.31509,40.693394,200.426529,266.464783,145.817978,122.438202,48.446213,146.246628,94.671516,198.200439,81.080292,212.77565,97.114868,133.051224,201.410004,112.254784,303.250427,57.299911,191.710876,40.46484,131.101028,117.290001,26828.470703
"138","2020-08-05",153.94873,94.993233,238.244919,109.675194,174.279999,134.150604,85.960732,46.897434,46.840836,41.353237,203.2892,266.076843,149.272156,122.058739,48.239132,147.418823,96.316246,198.101013,81.050507,212.426498,100.716888,132.703171,202.639999,114.219986,311.187714,56.933811,195.509415,40.346207,129.278519,127.610001,27201.519531
"139","2020-08-06",154.592865,95.521027,238.323837,113.501678,172.199997,133.574127,86.226898,47.333412,47.098747,41.412323,203.020828,267.956909,151.014084,122.710632,48.219276,146.574448,96.34597,201.998215,80.464775,215.828278,100.227966,131.977203,207.789993,112.889999,312.771179,57.220757,198.171371,40.425293,128.820404,130.820007,27386.980469
"140","2020-08-07",156.901855,98.747559,237.475327,110.921135,170.020004,134.100906,85.566422,46.996521,47.416176,41.983532,207.016632,270.215027,153.518127,123.173912,47.683174,147.617508,98.466293,203.409973,80.434982,211.967606,101.63485,132.812561,201.050003,116.482948,315.729004,57.91338,195.768616,41.048134,129.437866,129.929993,27433.480469
"141","2020-08-10",159.983795,101.197327,234.988983,112.533356,179.410004,141.157806,88.454781,47.293777,47.336823,44.120621,208.119965,273.288818,157.793777,125.293182,48.864586,147.05127,99.714714,202.932755,80.325783,207.747803,105.17701,133.359528,197.160004,118.229797,317.790497,58.368534,196.197327,42.372906,131.340042,128.789993,27791.439453
"142","2020-08-11",161.906296,102.830505,231.515976,109.186623,180.130005,141.664703,88.346344,46.758713,47.545135,43.825172,209.789841,273.477814,158.635056,124.938332,47.842018,145.998276,102.865479,203.807632,80.325783,202.889557,104.88765,132.494324,191.990005,119.023819,314.255066,57.893589,197.174377,41.374382,129.666916,130.490005,27686.910156
"143","2020-08-12",162.778351,101.257072,238.491562,112.815369,175.440002,141.704468,89.43071,47.660397,48.041119,43.608505,210.853409,280.102844,158.427216,124.889038,48.834797,148.670502,101.993568,204.821716,82.083,208.685547,104.987427,134.712021,192.619995,117.971741,320.947479,57.982639,198.141464,41.344727,131.350006,131.789993,27976.839844
"144","2020-08-13",164.363922,100.002312,237.248398,114.81192,174.729996,139.815994,88.543495,42.329567,47.99152,43.756233,207.13591,280.182465,158.238098,123.242912,48.209351,147.021469,101.42881,205.288971,82.93679,208.196716,106.284546,135.030243,195.139999,118.37867,320.200562,57.903484,197.282745,40.534046,131.850006,130.960007,27896.720703
"145","2020-08-14",164.601776,99.992363,238.092667,114.709602,178.080002,139.110321,89.065964,42.111576,48.060959,44.18956,206.718445,279.078247,159.532043,123.479485,48.536964,147.259888,101.468445,205.825836,82.877228,208.39624,106.194748,134.354004,193.460007,117.713684,322.371643,58.170643,196.344162,41.433704,132.600006,130.529999,27931.019531
"146","2020-08-17",163.224304,97.144257,241.370392,114.41011,172.009995,137.877838,89.479996,41.705326,47.822884,43.785778,201.847931,286.727936,158.019135,122.661346,48.576679,148.004929,98.793266,207.456284,84.14798,209.772919,105.426453,134.751785,196.740005,115.043785,319.194733,58.160744,199.129959,40.711998,135.600006,129.369995,27844.910156
"147","2020-08-18",162.897278,96.267906,239.87059,115.363472,170.229996,137.529953,87.629997,41.596329,48.031197,44.031986,200.098511,283.504944,156.645584,123.134483,48.298702,149.097641,97.416046,209.096695,83.949425,210.979996,106.733559,135.75621,204.009995,114.071106,315.509888,58.55653,198.710587,40.759998,134.710007,128.919998,27778.070313
"148","2020-08-19",162.490982,96.487,238.867401,115.508217,169.270004,137.182083,86.389999,41.487335,46.989628,43.963047,201.798233,281.376129,156.118057,122.069923,47.98101,149.39566,97.643936,208.291397,84.416031,209.699997,108.150414,135.020309,205.110001,112.354034,314.105682,58.427902,200.687622,40.25,132.410004,127.769997,27692.880859
"149","2020-08-20",161.5,96.317703,237.119263,118.071297,169.580002,136.645355,84.809998,41.923317,46.969788,43.027454,200.635269,279.207581,155.441223,121.389786,48.814941,150.418854,96.474785,208.659256,84.416031,214.580002,107.771255,136.094345,209.509995,111.689041,312.044159,58.338848,203.84285,39.709999,130.570007,128.119995,27739.730469
"150","2020-08-21",161.710007,95.750076,236.036621,124.1558,167.5,137.589584,85.080002,41.863861,46.900352,42.92897,201.211777,281.744232,156.765015,121.399643,48.924149,151.749985,96.42524,210.339432,84.366394,213.020004,109.507408,136.681076,207.529999,110.994278,312.850861,58.368534,203.822891,39.459999,131.630005,127.440002,27930.330078
"151","2020-08-24",163.529999,98.916847,233.980606,125.640739,178.270004,140.819855,87.199997,41.794502,47.584812,45.420605,206.092224,285.245758,158.626282,123.883621,48.78516,152.149994,99.140045,211.383316,84.803215,213.690002,111.582817,137.745163,208.460007,114.041336,307.572601,58.942421,206.099457,39.740002,131.330002,130.690002,28308.460938
"152","2020-08-25",163.100006,98.638016,246.545242,124.610016,174.729996,140.293076,86.129997,41.576511,47.525295,44.898643,204.7603,284.628998,163.762207,122.85849,49.073067,152.059998,99.576004,211.413132,85.06134,216.470001,111.263519,138.29213,216.050003,114.755951,310.938751,58.794003,207.786926,39.5,130.630005,129.789993,28248.439453
"153","2020-08-26",163.899994,97.990715,248.492004,126.304596,171.899994,140.968948,84.779999,41.863861,47.773285,45.637268,205.972961,290.39856,164.538574,122.395203,49.1922,152.300003,98.178963,212.516678,84.922348,221.149994,111.283478,137.625839,272.320007,112.691498,307.552704,58.83358,209.943665,38.669998,130.699997,132.179993,28331.919922
"154","2020-08-27",164.080002,101.107697,251.104279,124.794701,174.199997,142.499603,84.910004,41.903496,47.842724,45.459999,208.885315,287.115906,165.215408,122.868347,49.043285,152.979996,101.408989,210.955826,85.200325,226.580002,110.595001,137.446838,276.320007,116.304291,310.391022,58.803898,210.712509,39.34,136.630005,133.729996,28492.269531
"155","2020-08-28",165.660004,102.113495,251.41217,124.592552,175.800003,142.758026,85.629997,41.81432,49.429878,46.049999,206.460007,284.788177,167.594254,123.282341,50.065845,153.639999,101.825127,213.660004,85.031555,228.910004,112.290001,138.003738,271.100006,115.023933,313.079895,58.635689,215.385468,38.759998,140.300003,135.539993,28653.869141
"156","2020-08-31",163.020004,101.167442,251.61084,128.817749,171.820007,141.446045,83.93,41.834137,49.132286,45.119999,204.869995,283.544739,164.777451,121.547493,50.582092,153.410004,99.268852,213.520004,84.654297,225.529999,111.889999,137.566162,272.649994,115.172813,311.267365,58.645584,211.671066,38.02,138.850006,131.869995,28430.050781
"157","2020-09-01",164.800003,102.043785,249.167435,133.948898,172.100006,145.16333,83.080002,41.64587,48.725578,47.27,205.460007,284.440002,167.186157,121.636215,50.423248,151.520004,99.219307,212.690002,83.820366,227.270004,114.839996,137.416992,281.25,113.832901,311.546234,58.536743,213.029022,36.759998,147.589996,133.550003,28645.660156
"158","2020-09-02",169.509995,103.965759,256.378448,131.173691,174.779999,148.363785,83.190002,42.032307,50.778954,49.220001,210.039993,287.200012,171.665161,126.347885,51.872704,153.830002,100.715431,216.229996,86.302315,231.649994,116.800003,139.734116,276.690002,116.602058,318.925812,59.892307,216.154312,37.169998,147.679993,135.389999,29100.5
"159","2020-09-03",166.309998,104.025513,246.237335,120.671806,168.770004,145.869019,82.279999,40.575745,50.074657,48.389999,207.559998,274.630005,165.523956,122.671204,50.026134,149.550003,100.398369,213.800003,84.872704,217.300003,112.849998,137.496552,265.01001,114.487968,314.932281,59.971466,208.64563,37.09,144.539993,133.240005,28292.730469
"160","2020-09-04",165.770004,105.230476,246.72403,120.751671,171.050003,147.280396,81.93,40.44693,50.630161,48.599998,210.940002,269.660004,165.91214,120.551941,49.718376,148.589996,102.56823,211.729996,84.624512,214.25,112.400002,137.198212,254.699997,115.698853,310.719635,59.842834,204.352097,36.889999,142.830002,131.990005,28133.310547
"161","2020-09-08",163.169998,103.238792,239.552734,112.625694,161.080002,147.618347,78.970001,39.634426,49.410038,47.93,202.479996,269.26001,163.503433,119.477516,48.55682,147.259995,99.001335,213.580002,82.72831,202.660004,112.720001,135.189362,241.270004,112.889999,305.989136,59.328312,199.818924,36.099998,138.449997,134.199997,27500.890625
"162","2020-09-09",165.699997,103.348335,243.913132,117.117943,160.779999,151.763031,80.029999,39.763237,49.786983,49.23,202.220001,277.040009,164.976517,120.512512,49.261692,149.699997,99.942604,215.710007,84.267113,211.289993,114.900002,137.387146,250.429993,113.629997,310.739532,59.407471,203.752991,35.349998,139.889999,133.360001,27940.470703
"163","2020-09-10",163.149994,102.342537,239.016388,113.29454,157.690002,148.950211,78.150002,39.208355,49.598511,48.700001,200.009995,272.700012,163.503433,118.8368,48.606461,146.910004,98.912163,217.240005,82.966576,205.369995,114.790001,135.94516,247.800003,111.800003,303.350006,58.902843,201.236786,34.669998,136.809998,133.220001,27534.580078
"164","2020-09-11",166.169998,102.930084,241.569046,111.807106,160.229996,152.896103,77.690002,39.515522,50.650002,49.849998,200.919998,276.329987,165.673248,119.723938,48.924149,147.779999,100.140762,218,83.870003,204.029999,118,137.377213,243.100006,113.400002,301.480011,59.160107,200.378067,34.700001,136.699997,131.75,27665.640625
"165","2020-09-14",168.460007,106.823822,245.085159,115.161316,165.350006,152.578033,77.290001,40.001041,50.709999,50.09,201.339996,280.649994,167.683823,120.344933,49.053211,148.350006,101.527893,220.559998,84.160004,205.410004,119.279999,137.864517,246.639999,114.459999,308.570007,59.684521,204.6716,35.110001,137.320007,131.25,27993.330078
"166","2020-09-15",166.570007,106.236275,246.674377,115.341011,163.490005,147.697861,76.349998,40.228939,51.049999,51.07,198,285.579987,167.514618,120.689934,49.63895,148.889999,98.367218,222.369995,84.209999,208.779999,119.269997,137.864517,251.679993,112.150002,307.230011,59.961571,205.080994,35.27,137.360001,131.240005,27995.599609
"167","2020-09-16",169.509995,105.539192,246.088348,111.936882,167.460007,150.192612,78.559998,40.050587,50.790001,49.700001,200.679993,281.630005,169.20668,122.444496,50.006279,148.399994,98.783356,224.809998,85.57,205.050003,118.589996,136.939636,250.600006,113.169998,306.519989,59.733994,204.821396,36.279999,136.259995,132.089996,28032.380859
"168","2020-09-17",172.380005,104.224678,246.406189,110.149963,167.529999,152.935852,78.790001,40.001041,50.549999,50.970001,194.830002,279.959991,169.54509,123.134483,49.956638,147.169998,97.653839,222.580002,85.639999,202.910004,116.360001,136.760635,244.529999,112.599998,304.980011,59.951675,204.961182,37.209999,136.690002,130.220001,27901.980469
"169","2020-09-18",169.550003,103.009758,246.048615,106.655991,161.139999,151.464844,78.209999,39.446163,50.450001,50.369999,194.860001,275.190002,167.91275,121.005363,49.529743,149.179993,97.44577,220.270004,85.809998,200.389999,114.660004,136.611465,242.779999,111.610001,308.019989,59.714203,202.305176,36.93,135.289993,128.630005,27657.419922
"170","2020-09-21",161.360001,97.761673,241.549179,109.890411,156.350006,144.447708,76.300003,38.683201,49.09,47.91,194,272.350006,160.616959,118.531235,49.360973,145.100006,94.433716,216.410004,83.129997,202.539993,113.370003,135.955124,245.050003,109.449997,299.190002,58.982002,197.152939,35.790001,137.070007,125.410004,27147.699219
"171","2020-09-22",162.339996,98.070389,245.830093,111.617432,156.800003,146.256653,75.529999,38.96064,49.66,47.799999,191.619995,273.309998,161.920837,118.787521,49.589314,144.210007,93.403275,216.410004,82.940002,207.419998,116.870003,137.198212,247.779999,109.25,294.26001,59.189789,200.258255,35.720001,138.309998,127.209999,27288.179688
"172","2020-09-23",159.509995,95.162529,240.953232,106.935509,151.179993,143.503479,71.949997,37.930145,48.209999,46.740002,186.119995,266.549988,158.048996,117.131531,48.467472,144.440002,91.887344,214.970001,82.629997,200.589996,127.110001,135.557312,235.990005,107.489998,292.140015,58.289375,195.076065,35.060001,135.990005,123.279999,26763.130859
"173","2020-09-24",160.419998,95.052986,238.698547,108.033615,146.050003,144.258865,71.800003,37.504074,48.700001,46.41,195.110001,265.700012,158.019135,116.402107,48.805016,144.669998,91.808083,216.119995,83.150002,203.190002,124.75,136.163956,237.550003,107.82,292.660004,58.566425,195.225845,35.029999,136.699997,122.489998,26815.439453
"174","2020-09-25",160.270004,95.859619,242.174942,112.086624,156.029999,145.024185,71.830002,38.098591,48.720001,46.040001,194.949997,268.549988,160.736404,117.249817,49.579384,145.660004,92.610634,218.179993,82.93,207.820007,124.230003,136.860077,242.740005,108.110001,302.5,58.76432,196.953247,35.43,137.270004,124,27173.960938
"175","2020-09-28",161.660004,98.408966,245.363266,114.762009,166.080002,146.783432,73.93,38.772377,49.279999,47.48,199.070007,272.329987,163.871689,119.990082,51.058624,147.110001,95.275909,220.259995,82.760002,209.440002,124.32,137.247925,246.669998,110.220001,303.230011,58.734634,200.018631,36.07,137.25,125.989998,27584.060547
"176","2020-09-29",159.809998,97.343422,246.62471,113.893501,163.600006,146.515076,71.900002,38.703018,48.919998,46.57,196.789993,272.109985,163.742294,119.21138,50.820358,147.059998,94.473351,218.679993,81.900002,207.259995,126.349998,136.502075,247.449997,107.440002,304.149994,58.615902,199.139954,35.380001,137.139999,125.400002,27452.660156
"177","2020-09-30",160.179993,99.833023,252.445175,115.610542,165.259995,148.244507,72,39.029999,49.369999,47.049999,200.970001,277.709991,163.841843,119.930939,51.406097,148.880005,95.384888,219.490005,82.949997,210.330002,125.540001,138.222519,251.320007,108.190002,311.769989,58.863266,199.669144,35.919998,139.910004,124.080002,27781.699219
"178","2020-10-01",158.789993,100.908531,253.66687,116.58886,167.860001,145.819336,70.419998,38.799999,49.18,46.110001,198.550003,277.619995,162.916168,119.35923,51.862778,147.320007,96.078461,219.589996,81.639999,212.460007,126.639999,138.471146,253.449997,107.809998,313.070007,58.823689,203.044067,35.869999,143.080002,123.309998,27816.900391
"179","2020-10-02",160.360001,101.187363,243.754211,112.825348,168.080002,149.029724,71.190002,38.27,49.360001,47.310001,199.899994,279.309998,164.837173,118.846664,50.641655,146.240005,96.989998,222.669998,80.800003,206.190002,126.639999,137.357315,247.850006,108.580002,311.980011,58.615902,201.156921,35.77,140.5,122.550003,27682.810547
"180","2020-10-05",162.75,103.457878,254.2827,116.299355,171.199997,152.558167,72.699997,38.57,49.380001,48.580002,201.800003,282.100006,167.932663,120.266083,51.316746,148.229996,99.040001,226.070007,81.239998,210.380005,127.910004,138.620316,251.529999,111.910004,318.149994,59.031475,203.233765,36.619999,141.800003,123.370003,28148.640625
"181","2020-10-06",162.229996,101.336746,250.985092,112.965111,159.539993,150.610062,72.300003,38.57,48.939999,47.880001,201.089996,276.470001,166.111191,120.226654,50.999058,146.259995,98.019997,224.089996,79.629997,205.910004,127.650002,138.839096,250.139999,111.529999,314.450012,58.83358,200.148422,35.950001,140.630005,120.93,27772.759766
"182","2020-10-07",166.490005,102.949997,255.931503,114.881805,164.610001,153.830399,73.779999,39.400002,49.560001,48.299999,203.600006,282.790009,170.749451,122.296638,52.289669,147.880005,99.730003,226.479996,80.040001,209.830002,130.059998,139.92308,259.980011,113.800003,323.170013,58.982002,202.16539,36.490002,140.889999,122.910004,28303.460938
"183","2020-10-08",167.710007,106.059998,238.470093,114.771988,168,155.708923,75.220001,39.790001,50.459999,49.380001,207.979996,284.519989,172.96904,129.61058,52.984615,148.889999,101.779999,225.800003,80.480003,210.580002,129.710007,140.867828,260.220001,115.620003,322.410004,59.189999,202.674622,37.07,141.360001,123.089996,28425.509766
"184","2020-10-09",169.300003,106.339996,235.102966,116.768547,167.330002,157.975082,74,39.849998,50.810001,49.360001,207.539993,285.920013,173.566254,125.963463,52.438587,150.970001,101.199997,224.830002,80.360001,215.809998,130.979996,142.130814,265.980011,115.830002,327.839996,59.330002,206.329117,36.34,142.779999,124.980003,28586.900391
"185","2020-10-12",168.649994,106.610001,237.893997,124.185753,167.350006,161.622803,74.510002,40.360001,51.09,48.580002,214.119995,286.910004,174.541672,125.391754,53.490936,151.839996,102.440002,226.110001,80.360001,221.399994,129.460007,143.692154,267.070007,116.540001,329.970001,59.549999,206.089462,36.93,144.25,124.970001,28837.519531
"186","2020-10-13",166.630005,105.010002,237.725159,120.891434,162.139999,161.135773,73.400002,39.810001,50.220001,47.880001,210.809998,290.359985,170.749451,123.311913,53.441296,148.360001,100.779999,227.350006,80.709999,222.860001,129.199997,143.413696,266.829987,112.889999,331.420013,59.360001,204.012619,36.18,146.229996,128.960007,28679.810547
"187","2020-10-14",168.399994,104.809998,236.046555,120.981277,163.240005,162.61673,72.949997,39.889999,50.119999,48.830002,211.229996,287.089996,172.660492,124.139908,53.163315,148.100006,100.220001,227.619995,80.510002,220.860001,127.660004,143.244629,261.829987,112.029999,321.850006,58.43,201.895798,35.91,143.940002,126.589996,28514
"188","2020-10-15",169.080002,104.43,233.424362,120.502106,164.240005,164.03804,73.510002,39.970001,49.990002,49.009998,208.600006,287.540009,171.804504,123.104912,53.461147,147.190002,101.720001,229.639999,79.059998,219.660004,129,143.035797,257.720001,112.639999,324.570007,58.16,199.249786,37.639999,144.529999,127.360001,28494.199219
"189","2020-10-16",170.970001,104.910004,234.129578,118.81501,167.350006,167.725525,72.889999,40.16,50.029999,49.299999,206.210007,287.660004,174.044006,124.130051,53.768913,148.100006,101.510002,229.369995,79.830002,219.660004,128,143.592697,258.549988,113.32,329.899994,58.049999,199.95871,37.41,144.710007,126.809998,28606.310547
"190","2020-10-19",169.550003,102.470001,229.153397,115.780251,167.110001,166.512924,71.279999,39.299999,49.619999,48.84,205.690002,283.730011,170.789261,123.725906,54.185879,144.320007,99.800003,226,78.669998,214.220001,127.43,141.126404,255.009995,111.839996,324.220001,57.299999,196.67366,36.970001,142.949997,124.230003,28195.419922
"191","2020-10-20",170.949997,103.139999,229.540756,117.307617,167.240005,167.964066,71.68,39.200001,50.25,49.34,208.029999,286.040009,172.451462,115.692406,53.044182,144.550003,100.370003,227.449997,78.269997,214.649994,128.490005,141.693237,255.970001,118.110001,323.410004,57.25,197.402557,37.490002,143.899994,124.949997,28308.789063
"192","2020-10-21",169.169998,101.43,227.425125,116.668724,163.860001,166.383713,70.870003,39.060001,49.990002,48.549999,202.910004,284.51001,172.063278,113.415413,53.113678,143.929993,99.370003,228.190002,78.07,214.800003,129.429993,142.459,254.229996,125,322.790009,56.75,198.131454,37.389999,144.399994,126.629997,28210.820313
"193","2020-10-22",170.710007,104.790001,226.441803,115.550644,169.070007,168.630005,73.400002,38.82,50.68,48.82,205.399994,281.160004,176.024719,114.105415,53.510792,145.080002,102.879997,229.149994,79.209999,214.889999,130.020004,141.449997,249.669998,126.139999,325.730011,57.330002,197.692139,37.509998,143.550003,127.559998,28363.660156
"194","2020-10-23",169.800003,100.980003,225.627335,114.841873,167.360001,168.589996,72.57,38.82,50.52,48.529999,205.039993,283,174.720825,114.34198,47.851948,145.240005,103.809998,228.710007,79.830002,216.229996,129.990005,142.380005,250.520004,125.970001,330.600006,57.959999,197.712097,38.040001,143.850006,128.350006,28335.570313
"195","2020-10-26",166.160004,96.879997,223.37265,114.851852,160.830002,163.199997,70.940002,37.669998,49.799999,47.150002,201.139999,276.040009,169.375885,110.616013,46.382637,143.970001,101.239998,224.270004,78.839996,210.080002,128.369995,141.300003,241.979996,121.540001,323.059998,57.810001,192.779541,37.209999,142.160004,124.059998,27685.380859
"196","2020-10-27",161.029999,94.93,221.952301,116.399178,155.240005,157.910004,69.510002,36.869999,49.900002,46.57,195.679993,276.839996,165.971848,108.979736,45.310432,143.149994,99.330002,222.970001,77.989998,213.25,127.989998,142.360001,250.300003,119.089996,320.51001,57.380001,189.774063,36,142.869995,123.309998,27463.189453
"197","2020-10-28",158.529999,91.599998,214.920074,111.008476,148.139999,151.160004,66.879997,35.709999,47.959999,45.18,189.770004,269.720001,160.407944,105.125626,43.930473,138.360001,96.540001,214.690002,76.18,202.679993,122.080002,137.660004,238.429993,121.5,308,56.310001,180.597885,34.59,140.039993,118.470001,26519.949219
"198","2020-10-29",158.479996,91.07,216.350357,115.121384,148.289993,154.669998,68.800003,35.689999,48.02,46.25,189.940002,269.630005,163.831894,107.353325,43.791485,137.190002,97.169998,214.949997,75.889999,204.720001,122.860001,137.570007,237.139999,122.459999,303.679993,56.759998,184.591858,33.52,139.919998,121.540001,26659.109375
"199","2020-10-30",159.960007,91.239998,215.476288,108.672516,144.389999,157.050003,69.5,35.900002,48.060001,45.490002,189.039993,266.709991,164.180252,110.064018,43.960255,137.110001,98.040001,213,75.209999,202.470001,120.080002,137.100006,232.270004,120.709999,305.140015,56.990002,181.43663,34.040001,138.75,121.25,26501.599609
"200","2020-11-02",162.940002,93.400002,218.724228,108.582664,148.600006,163.270004,72.150002,35.900002,48.619999,47.82,190.199997,270.73999,172.799835,111.29615,44.138954,138.690002,100.25,212.559998,76.709999,202.330002,122.389999,138.5,232.449997,123.919998,312.100006,57.700001,184.462067,35.790001,140.399994,120.129997,26925.050781
"201","2020-11-03",165.509995,96.290001,218.575241,110.249794,153.649994,167.690002,71.739998,36.68,49.349998,48.73,197.929993,277.369995,178.373718,112.528282,44.526138,138.5,103.410004,216.800003,76.919998,206.429993,124.589996,141.220001,237.130005,126.339996,321.350006,57.75,188.056641,37.369999,142.779999,124.019997,27480.029297
"202","2020-11-04",160.160004,96.400002,228.775955,114.752022,151.630005,155.229996,71.769997,36.57,49.169998,46.450001,197.869995,282.720001,178.075104,110.300583,45.370003,139.399994,100.25,214.869995,80.620003,216.389999,127.339996,140.639999,250.740005,123.400002,354.559998,57.220001,193.678177,36.299999,141.960007,125.07,27847.660156
"203","2020-11-05",163.199997,98.110001,230.404877,118.824997,157.089996,163.089996,72.139999,37.23,49.439999,48.970001,202.960007,285.850006,182.424713,113.129562,45.68,139.759995,104.349998,216.309998,80.459999,223.289993,129.699997,142.380005,260.220001,127.510002,354.399994,58.150002,197.342651,37.529999,143.470001,126.959999,28390.179688
"204","2020-11-06",163.020004,96.690002,230.106903,118.690002,157.740005,161.289993,71.150002,37.529999,49.450001,48.23,201.259995,284.23999,183.410095,112.409996,45.389999,142.25,102.959999,216.559998,80.360001,223.720001,128.899994,143.229996,260.149994,127,347.459991,58.529999,198.171402,37.310001,145.770004,127.459999,28323.400391
"205","2020-11-09",163.429993,117.370003,233.414444,116.32,179.360001,170.820007,79.400002,38.200001,52.57,52.119999,214.929993,269.970001,196.07074,115.529999,45.599998,146.080002,116.900002,213.220001,80.5,218.389999,128.949997,137.990005,259.279999,134.279999,350,59.84,212.360016,39.779999,143.539993,142.589996,29157.970703
"206","2020-11-10",169.139999,115.949997,239.96991,115.970001,188.690002,172.300003,83.07,38.720001,53.98,53.459999,217.470001,275.570007,201.037445,117.910004,45.439999,148.279999,116.519997,213.320007,81.110001,211.009995,127.709999,140.259995,247.660004,136.360001,353.690002,61.099998,212.989075,42.349998,145.559998,142.110001,29420.919922
"207","2020-11-11",169.210007,111.120003,239.066055,119.489998,182.149994,169.460007,82.459999,39.330002,53.580002,52.209999,218.050003,277.75,198.360001,117.199997,46.349998,147.800003,114.779999,218.020004,81.059998,216.550003,127.660004,142.070007,254.179993,134.960007,351.700012,61,212.37999,41.439999,147.979996,137.820007,29397.630859
"208","2020-11-12",167.050003,111.099998,235.539993,119.209999,176.720001,169.130005,80.669998,38.669998,53.009998,51.040001,214.509995,276.23999,197.240005,114.5,44.950001,148.300003,113.370003,213.070007,79.860001,215.440002,126.639999,142.149994,249.419998,132.399994,354.410004,60.790001,208.259995,40.77,148.229996,135.520004,29080.169922
